{
  "events": [
    {
      "process_name": "powershell.exe",
      "command_line": "powershell -NoProfile -EncodedCommand ...",
      "user": "system",
      "timestamp": "2025-01-01T12:00:00Z",
      "remote_port": 443,
      "parent_process_name": "services.exe",
      "host": "host-a"
    },
    {
      "process_name": "chrome.exe",
      "command_line": "chrome.exe --headless --disable-gpu",
      "user": "alice",
      "timestamp": "2025-01-01T12:02:00Z",
      "remote_port": 0,
      "parent_process_name": "explorer.exe",
      "host": "host-b"
    },
    {
      "process_name": "wmiprvse.exe",
      "command_line": "wmiprvse.exe -Embedding",
      "user": "administrator",
      "timestamp": "2025-01-01T12:05:30Z",
      "remote_port": 135,
      "parent_process_name": "svchost.exe",
      "host": "host-c"
    }
  ]
}
