[
  {
    "id": "dfa30ec8-ac12-415e-bbd9-818a22bfaa8e",
    "timestamp": "2025-10-09T19:42:41.568621Z",
    "event": {
      "process_name": "powershell.exe",
      "command_line": "powershell -NoProfile -EncodedCommand ...",
      "user": "system",
      "timestamp": "2025-01-01T12:00:00Z",
      "remote_port": 443,
      "parent_process_name": "services.exe",
      "host": "host-a"
    },
    "model_input": {
      "process_name": "powershell.exe",
      "command_line": "powershell -NoProfile -EncodedCommand ...",
      "user": "system",
      "parent_process_name": "services.exe",
      "remote_port": 443,
      "timestamp": "2025-01-01T12:00:00+00:00",
      "process_name_length": 14,
      "command_line_length": 41,
      "is_system_user": 1,
      "hour_of_day": 12,
      "day_of_week": 2,
      "is_working_hours": 1,
      "has_network_activity": 1,
      "is_common_port": 1,
      "parent_process_name_length": 12
    },
    "predicted_label": "0",
    "confidence_score": 1.0,
    "probabilities": {
      "0": 1.0,
      "1": 0.0
    },
    "suggested_action": "ALLOW",
    "user_override_action": null
  },
  {
    "id": "b224e8e5-5dd8-4430-b1fc-01522113a745",
    "timestamp": "2025-10-09T19:42:41.623259Z",
    "event": {
      "process_name": "chrome.exe",
      "command_line": "chrome.exe --headless --disable-gpu",
      "user": "alice",
      "timestamp": "2025-01-01T12:02:00Z",
      "remote_port": 0,
      "parent_process_name": "explorer.exe",
      "host": "host-b"
    },
    "model_input": {
      "process_name": "chrome.exe",
      "command_line": "chrome.exe --headless --disable-gpu",
      "user": "alice",
      "parent_process_name": "explorer.exe",
      "remote_port": 0,
      "timestamp": "2025-01-01T12:02:00+00:00",
      "process_name_length": 10,
      "command_line_length": 35,
      "is_system_user": 0,
      "hour_of_day": 12,
      "day_of_week": 2,
      "is_working_hours": 1,
      "has_network_activity": 0,
      "is_common_port": 0,
      "parent_process_name_length": 12
    },
    "predicted_label": "0",
    "confidence_score": 0.9833333333333333,
    "probabilities": {
      "0": 0.9833333333333333,
      "1": 0.016666666666666666
    },
    "suggested_action": "ALLOW",
    "user_override_action": null
  },
  {
    "id": "1c95168f-e332-4a2c-bb0b-01667bc57bda",
    "timestamp": "2025-10-09T19:42:41.679918Z",
    "event": {
      "process_name": "wmiprvse.exe",
      "command_line": "wmiprvse.exe -Embedding",
      "user": "administrator",
      "timestamp": "2025-01-01T12:05:30Z",
      "remote_port": 135,
      "parent_process_name": "svchost.exe",
      "host": "host-c"
    },
    "model_input": {
      "process_name": "wmiprvse.exe",
      "command_line": "wmiprvse.exe -Embedding",
      "user": "administrator",
      "parent_process_name": "svchost.exe",
      "remote_port": 135,
      "timestamp": "2025-01-01T12:05:30+00:00",
      "process_name_length": 12,
      "command_line_length": 23,
      "is_system_user": 1,
      "hour_of_day": 12,
      "day_of_week": 2,
      "is_working_hours": 1,
      "has_network_activity": 1,
      "is_common_port": 0,
      "parent_process_name_length": 11
    },
    "predicted_label": "0",
    "confidence_score": 0.9916666666666667,
    "probabilities": {
      "0": 0.9916666666666667,
      "1": 0.008333333333333333
    },
    "suggested_action": "ALLOW",
    "user_override_action": null
  }
]